{"type": "block", "layer": 0, "block": 0, "features": [{"geom": {"pts": [[-1.2251058791130087, 16.34306996713362, 0.40587431093360304]], "r": 0.0}, "mtl": 0, "prop": ["End", "Duomo di Benevento"], "lh": 3.188863131918509}, {"geom": {"pts": [[-9.66333024194752, -30.056393155046287, 4.064635810763153]], "r": 0.0}, "mtl": 0, "prop": ["Start", "Santuario di Montevergine"], "lh": 3.188863131918509}]}