{"type": "block", "layer": 10, "block": 0, "features": [{"geom": {"pts": [[-22.854251855740188, -30.104989333882045, 0.18474690500298138]], "r": 0.0}, "mtl": 0, "prop": ["Start", "Santuario della Madonna delle Galline"], "lh": 3.930785212829391}, {"geom": {"pts": [[1.7821638855843536, 26.339583046681216, 4.977036247849444]], "r": 0.0}, "mtl": 0, "prop": ["End", "Santuario di Montevergine"], "lh": 3.930785212829391}]}