{"type": "block", "layer": 6, "block": 3, "features": [{"geom": {"polygons": [[[[-9.966815752630726, -9.15578292208427], [-9.95329549147792, -9.413282441700586], [-11.240952419230982, -9.52712349605351], [-11.342251951803533, -9.541212791807752], [-12.11502364720184, -9.659856497753722], [-12.118722371872675, -9.621901892556817], [-12.137329801998742, -9.431252553140885], [-11.618927936094364, -9.26539035928659], [-11.326432791007207, -9.173900982577116], [-11.152706539468799, -9.128264410711333], [-11.01957521351048, -9.111398226352238], [-10.86912247557551, -9.100381717201952], [-10.414862185403994, -9.070234266170715], [-9.966815752630726, -9.15578292208427]]]], "centroids": [[-11.006576328891814, -9.341260701846393, 1.7949593992690143]], "h": 0.0}, "mtl": {"face": 3}}]}