{"type": "block", "layer": 20, "block": 0, "features": [{"geom": {"pts": [[-38.97841907809473, 4.024782310621525, 0.08027559793501517]], "r": 0.0}, "mtl": 0, "prop": ["Start", "Cattedrale di Nola"], "lh": 2.1696107550004102}, {"geom": {"pts": [[36.109671860492455, 0.5359112839416929, 1.2870684789688887]], "r": 0.0}, "mtl": 0, "prop": ["End", "Abbazia del Goleto"], "lh": 2.1696107550004102}]}