{"type": "block", "layer": 2, "block": 0, "features": [{"geom": {"pts": [[-26.495297088041838, -34.44125987244413, 0.09628064774764232]], "r": 0.0}, "mtl": 0, "prop": ["Start", "Santuario della Madonna delle Galline"], "lh": 2.0485244201626025}, {"geom": {"pts": [[-13.656055934222994, -5.025232629380891, 2.5937770042681185]], "r": 0.0}, "mtl": 0, "prop": ["End", "Santuario di Montevergine"], "lh": 2.0485244201626025}]}