{"type": "block", "layer": 12, "block": 0, "features": [{"geom": {"pts": [[-8.319280344614727, 24.778992625130698, 0.26073349750948244]], "r": 0.0}, "mtl": 0, "prop": ["End", "Duomo di Benevento"], "lh": 2.0485244201626025}, {"geom": {"pts": [[-13.739992352306896, -5.028004212339274, 2.611120444171048]], "r": 0.0}, "mtl": 0, "prop": ["Start", "Santuario di Montevergine"], "lh": 2.0485244201626025}]}