{"type": "block", "layer": 21, "block": 0, "features": [{"geom": {"pts": [[-36.803027066849985, -6.3349582404145, 0.0757954035460163]], "r": 0.0}, "mtl": 0, "prop": ["Start", "Cattedrale di Nola"], "lh": 2.0485244201626025}, {"geom": {"pts": [[34.094385105619175, -9.629114798441869, 1.2152369744262292]], "r": 0.0}, "mtl": 0, "prop": ["End", "Abbazia del Goleto"], "lh": 2.0485244201626025}]}